{
  "project_info": {
    "project_number": "90890602453",
    "firebase_url": "https://covex-ios.firebaseio.com",
    "project_id": "covex-ios",
    "storage_bucket": "covex-ios.appspot.com"
  },
  "client": [
    {
      "client_info": {
        "mobilesdk_app_id": "1:90890602453:android:b55998478f1fda85d99f5c",
        "android_client_info": {
          "package_name": "com.fintellabs.covex"
        }
      },
      "oauth_client": [
        {
          "client_id": "90890602453-gl0io4khb5f2bn1veiifb2j4g2r43kri.apps.googleusercontent.com",
          "client_type": 3
        }
      ],
      "api_key": [
        {
          "current_key": "AIzaSyD0FMm2ycdbVf20q5eXZBk1IGRxqGuX7dc"
        }
      ],
      "services": {
        "appinvite_service": {
          "other_platform_oauth_client": [
            {
              "client_id": "90890602453-gl0io4khb5f2bn1veiifb2j4g2r43kri.apps.googleusercontent.com",
              "client_type": 3
            },
            {
              "client_id": "90890602453-186mo3cml4g4c9d23ven5iqjsr1k9o32.apps.googleusercontent.com",
              "client_type": 2,
              "ios_info": {
                "bundle_id": "com.fintellabs.covex"
              }
            }
          ]
        }
      }
    }
  ],
  "configuration_version": "1"
}